<?xml version="1.0" encoding="UTF-8"?><?xml-stylesheet type='text/xsl' href='_UpgradeReport_Files/UpgradeReport.xslt'?><UpgradeLog>
<Properties><Property Name="Solution" Value="RDT">
</Property><Property Name="Solution File" Value="C:\Tim\VBProjects\RDT\RDT\RDT.sln">
</Property><Property Name="Date" Value="17 December 2015">
</Property><Property Name="Time" Value="13:30">
</Property><Property Name="Log Number" Value="2">
</Property></Properties><Event ErrorLevel="0" Project="RDT" Source="RDT.vbproj" Description="The project file does not require conversion.">
</Event><Event ErrorLevel="3" Project="RDT" Source="RDT.vbproj" Description="No Conversion Required">
</Event><Event ErrorLevel="0" Project="" Source="RDT.sln" Description="Solution converted successfully">
</Event><Event ErrorLevel="3" Project="" Source="RDT.sln" Description="Converted">
</Event></UpgradeLog>