<?xml version="1.0" encoding="UTF-8"?><?xml-stylesheet type='text/xsl' href='_UpgradeReport_Files/UpgradeReport.xslt'?><UpgradeLog>
<Properties><Property Name="Solution" Value="CSC Desktop Tool">
</Property><Property Name="Solution File" Value="C:\Users\tim\Documents\Visual Studio 2005\Projects\CSC Desktop Tool\CSC Desktop Tool\CSC Desktop Tool.sln">
</Property><Property Name="Date" Value="26 May 2011">
</Property><Property Name="Time" Value="16:42:26">
</Property></Properties><Event ErrorLevel="0" Project="CSC Desktop Tool" Source="CSC Desktop Tool.vbproj" Description="Project file successfully backed up as C:\Users\tim\Documents\Visual Studio 2005\Projects\CSC Desktop Tool\CSC Desktop Tool\Backup\CSC Desktop Tool.vbproj">
</Event><Event ErrorLevel="0" Project="CSC Desktop Tool" Source="CSC Desktop Tool.vbproj.user" Description="Project user file successfully backed up as C:\Users\tim\Documents\Visual Studio 2005\Projects\CSC Desktop Tool\CSC Desktop Tool\Backup\CSC Desktop Tool.vbproj.user">
</Event><Event ErrorLevel="0" Project="CSC Desktop Tool" Source="Form3.Designer.vb" Description="File successfully backed up as C:\Users\tim\Documents\Visual Studio 2005\Projects\CSC Desktop Tool\CSC Desktop Tool\Backup\Form3.Designer.vb">
</Event><Event ErrorLevel="0" Project="CSC Desktop Tool" Source="Form3.vb" Description="File successfully backed up as C:\Users\tim\Documents\Visual Studio 2005\Projects\CSC Desktop Tool\CSC Desktop Tool\Backup\Form3.vb">
</Event><Event ErrorLevel="0" Project="CSC Desktop Tool" Source="Form1.vb" Description="File successfully backed up as C:\Users\tim\Documents\Visual Studio 2005\Projects\CSC Desktop Tool\CSC Desktop Tool\Backup\Form1.vb">
</Event><Event ErrorLevel="0" Project="CSC Desktop Tool" Source="Form1.Designer.vb" Description="File successfully backed up as C:\Users\tim\Documents\Visual Studio 2005\Projects\CSC Desktop Tool\CSC Desktop Tool\Backup\Form1.Designer.vb">
</Event><Event ErrorLevel="0" Project="CSC Desktop Tool" Source="Form2.Designer.vb" Description="File successfully backed up as C:\Users\tim\Documents\Visual Studio 2005\Projects\CSC Desktop Tool\CSC Desktop Tool\Backup\Form2.Designer.vb">
</Event><Event ErrorLevel="0" Project="CSC Desktop Tool" Source="GlobalVariables.vb" Description="File successfully backed up as C:\Users\tim\Documents\Visual Studio 2005\Projects\CSC Desktop Tool\CSC Desktop Tool\Backup\GlobalVariables.vb">
</Event><Event ErrorLevel="0" Project="CSC Desktop Tool" Source="My Project\AssemblyInfo.vb" Description="File successfully backed up as C:\Users\tim\Documents\Visual Studio 2005\Projects\CSC Desktop Tool\CSC Desktop Tool\Backup\My Project\AssemblyInfo.vb">
</Event><Event ErrorLevel="0" Project="CSC Desktop Tool" Source="My Project\Application.Designer.vb" Description="File successfully backed up as C:\Users\tim\Documents\Visual Studio 2005\Projects\CSC Desktop Tool\CSC Desktop Tool\Backup\My Project\Application.Designer.vb">
</Event><Event ErrorLevel="0" Project="CSC Desktop Tool" Source="My Project\Resources.Designer.vb" Description="File successfully backed up as C:\Users\tim\Documents\Visual Studio 2005\Projects\CSC Desktop Tool\CSC Desktop Tool\Backup\My Project\Resources.Designer.vb">
</Event><Event ErrorLevel="0" Project="CSC Desktop Tool" Source="My Project\Settings.Designer.vb" Description="File successfully backed up as C:\Users\tim\Documents\Visual Studio 2005\Projects\CSC Desktop Tool\CSC Desktop Tool\Backup\My Project\Settings.Designer.vb">
</Event><Event ErrorLevel="0" Project="CSC Desktop Tool" Source="My Project\Application.myapp" Description="File successfully backed up as C:\Users\tim\Documents\Visual Studio 2005\Projects\CSC Desktop Tool\CSC Desktop Tool\Backup\My Project\Application.myapp">
</Event><Event ErrorLevel="0" Project="CSC Desktop Tool" Source="My Project\Settings.settings" Description="File successfully backed up as C:\Users\tim\Documents\Visual Studio 2005\Projects\CSC Desktop Tool\CSC Desktop Tool\Backup\My Project\Settings.settings">
</Event><Event ErrorLevel="0" Project="CSC Desktop Tool" Source="bin\Debug\RemCom.exe" Description="File successfully backed up as C:\Users\tim\Documents\Visual Studio 2005\Projects\CSC Desktop Tool\CSC Desktop Tool\Backup\bin\Debug\RemCom.exe">
</Event><Event ErrorLevel="0" Project="CSC Desktop Tool" Source="Form2.vb" Description="File successfully backed up as C:\Users\tim\Documents\Visual Studio 2005\Projects\CSC Desktop Tool\CSC Desktop Tool\Backup\Form2.vb">
</Event><Event ErrorLevel="0" Project="CSC Desktop Tool" Source="Form3.resx" Description="File successfully backed up as C:\Users\tim\Documents\Visual Studio 2005\Projects\CSC Desktop Tool\CSC Desktop Tool\Backup\Form3.resx">
</Event><Event ErrorLevel="0" Project="CSC Desktop Tool" Source="Form1.resx" Description="File successfully backed up as C:\Users\tim\Documents\Visual Studio 2005\Projects\CSC Desktop Tool\CSC Desktop Tool\Backup\Form1.resx">
</Event><Event ErrorLevel="0" Project="CSC Desktop Tool" Source="Form2.resx" Description="File successfully backed up as C:\Users\tim\Documents\Visual Studio 2005\Projects\CSC Desktop Tool\CSC Desktop Tool\Backup\Form2.resx">
</Event><Event ErrorLevel="0" Project="CSC Desktop Tool" Source="My Project\Resources.resx" Description="File successfully backed up as C:\Users\tim\Documents\Visual Studio 2005\Projects\CSC Desktop Tool\CSC Desktop Tool\Backup\My Project\Resources.resx">
</Event><Event ErrorLevel="0" Project="CSC Desktop Tool" Source="CSC Desktop Tool.vbproj" Description="Project converted successfully">
</Event><Event ErrorLevel="3" Project="CSC Desktop Tool" Source="CSC Desktop Tool.vbproj" Description="Converted">
</Event><Event ErrorLevel="0" Project="CSC Desktop Tool" Source="CSC Desktop Tool.vbproj" Description="Scan complete: Upgrade not required for project files.">
</Event></UpgradeLog>